{
  "total_transcriptions": 7,
  "confidence_scores": [
    0.87,
    0.89,
    0.87,
    0.92,
    0.89,
    0.85,
    0.94
  ],
  "processing_times": [
    2.3,
    1.8,
    1.2,
    1.5,
    1.3599999999999999,
    1.5699999999999998,
    1.5699999999999998
  ],
  "audio_durations": [
    4.5,
    3.2,
    2.4,
    1.28,
    2.96,
    2.96
  ],
  "word_counts": [
    7,
    7,
    4,
    5,
    4,
    8,
    5
  ],
  "recent_confidence_scores": [
    0.87,
    0.89,
    0.87,
    0.92,
    0.89,
    0.85,
    0.94
  ],
  "average_confidence": 0.89,
  "confidence_std_dev": 0.03109126351029605,
  "high_confidence_rate": 1.0,
  "low_confidence_rate": 0.0,
  "average_processing_time": 1.614285714285714,
  "average_audio_duration": 2.8833333333333333,
  "average_words_per_transcription": 5.714285714285714
}